feature_or_group,n_cols,base_score,importance_mean,importance_std,base_mae,imp_mae_mean,imp_mae_std,model
ESTRUCTURA_LABORAL,3,0.5118966600973331,0.5466303335867203,0.003235401231970013,0.19776913543762892,0.09881119283059224,0.0005769732818818986,Linear_best
CALIDAD_LABORAL,1,0.5118966600973331,0.12857041293903787,0.0014803176719789925,0.19776913543762892,0.02630549634699324,0.00028362485598296713,Linear_best
P03,1,0.5118966600973331,0.08860339671675839,0.0009027327112556093,0.19776913543762892,0.019451907179952998,0.0002541097823441928,Linear_best
EDUCACION,2,0.5118966600973331,0.08075394176200018,0.0010239692574085901,0.19776913543762892,0.01784968665593514,0.00028568600905524137,Linear_best
P02,1,0.5118966600973331,0.03005265470619082,0.0005562789898480908,0.19776913543762892,0.00696190254266977,0.0001707961628497114,Linear_best
AGLO_rk,1,0.5118966600973331,0.023014040994381826,0.0006432838824319264,0.19776913543762892,0.005728277529671835,0.00016553309586905905,Linear_best
Region,1,0.5118966600973331,0.022613090848045928,0.000557211994571273,0.19776913543762892,0.00553531703459766,0.00014176388878803134,Linear_best
AGLOMERADO,1,0.5118966600973331,0.020690835368635543,0.0005370276441239941,0.19776913543762892,0.0052487736195987456,0.0001543012032241691,Linear_best
CH07,1,0.5118966600973331,0.01305377338407489,0.0004179765487188197,0.19776913543762892,0.002724510826270136,0.00010820031473249167,Linear_best
ANO4,1,0.5118966600973331,0.010971934328650826,0.0004108860120943799,0.19776913543762892,0.0025346173901218453,0.00010821409593203036,Linear_best
Personas_25-64,1,0.5118966600973331,0.008983827523398066,0.000282203504414314,0.19776913543762892,0.0017173880126229067,7.696785899611474e-05,Linear_best
VIVIENDA_HOGAR,8,0.5118966600973331,0.007670632612602705,0.0003285381187574932,0.19776913543762892,0.0013988005302474904,8.530578840045837e-05,Linear_best
IX_TOT,1,0.5118966600973331,0.0052012008269170995,0.00020374599261005513,0.19776913543762892,0.0008718743684204694,6.548127956343073e-05,Linear_best
Personas_4-8,1,0.5118966600973331,0.004591542233750616,0.0002659264501714654,0.19776913543762892,0.001148694389353741,6.88871195039914e-05,Linear_best
Personas_9-12,1,0.5118966600973331,0.004493077663947579,0.0002786401196262491,0.19776913543762892,0.0011739853400419276,6.311333120717885e-05,Linear_best
PROP,1,0.5118966600973331,0.0037515546859167065,0.00025031949157165305,0.19776913543762892,0.0007639113679999921,6.542687775301369e-05,Linear_best
Personas_65+,1,0.5118966600973331,0.002477494655678003,0.00016148009831445828,0.19776913543762892,0.0009209374724406676,4.544054682604929e-05,Linear_best
TRIMESTRE,1,0.5118966600973331,0.0021384498311659487,0.0001892413475172228,0.19776913543762892,0.0005195256133802433,4.101788617941453e-05,Linear_best
Max_Nivel_Educativo,1,0.5118966600973331,0.0018943211010764719,0.0001304324793715671,0.19776913543762892,0.0003902112703612348,4.264122373756889e-05,Linear_best
Personas_18-24,1,0.5118966600973331,0.001698392555123355,0.00013591250671363505,0.19776913543762892,0.00031843722507817845,3.598886732538018e-05,Linear_best
Personas_0-3,1,0.5118966600973331,0.0015719319629437511,0.00018070609751899208,0.19776913543762892,0.00043167942617309364,4.06126417208244e-05,Linear_best
H16,1,0.5118966600973331,0.0006208770744670263,7.861187440668775e-05,0.19776913543762892,0.00011297455437792684,1.5867779747092072e-05,Linear_best
P05,1,0.5118966600973331,0.0005724945629534776,7.60514044462787e-05,0.19776913543762892,0.0001571646855638607,1.4967049507151302e-05,Linear_best
V01,1,0.5118966600973331,0.00048694753718730256,9.309995538472074e-05,0.19776913543762892,7.195356258922573e-05,2.3512631582104908e-05,Linear_best
Personas_13-17,1,0.5118966600973331,0.00027457640373672597,6.314307187203506e-05,0.19776913543762892,0.00011285063821067642,1.905068845983671e-05,Linear_best
Reg_rk,1,0.5118966600973331,0.0002090769371327239,3.739797241784052e-05,0.19776913543762892,4.266447186371536e-05,1.0914457503782816e-05,Linear_best
H15,1,0.5118966600973331,0.00013550346147811476,3.800803264273033e-05,0.19776913543762892,6.858389981271122e-05,1.0151017860517456e-05,Linear_best
ESTRUCTURA_LABORAL,3,0.6094090399294487,0.4652259933733089,0.003421777733011259,0.17336877880176377,0.0900710434422228,0.0004791159623505722,HGB_best
P03,1,0.6094090399294487,0.17691294025160248,0.0014282911938733375,0.17336877880176377,0.037987089073173316,0.00027288106135322517,HGB_best
CALIDAD_LABORAL,1,0.6094090399294487,0.09717497676109135,0.0008564924936309934,0.17336877880176377,0.0207801004624426,0.00017180305574550342,HGB_best
EDUCACION,2,0.6094090399294487,0.0756753927200816,0.0011271368168589819,0.17336877880176377,0.019068647527061958,0.0002522739489891423,HGB_best
P02,1,0.6094090399294487,0.05504929608815498,0.000779840655156153,0.17336877880176377,0.013440136117013713,0.00020629255540981098,HGB_best
ANO4,1,0.6094090399294487,0.028153215023109277,0.0005552157701586067,0.17336877880176377,0.008101798468197146,0.00015741609475998175,HGB_best
Personas_25-64,1,0.6094090399294487,0.025473291096821917,0.0005048057311762766,0.17336877880176377,0.005918828225285054,0.00012754024323607127,HGB_best
IX_TOT,1,0.6094090399294487,0.02434339030749633,0.0005584587677256194,0.17336877880176377,0.0059419199035990146,0.00012145096251680007,HGB_best
VIVIENDA_HOGAR,8,0.6094090399294487,0.024211745402557647,0.0005929446106247437,0.17336877880176377,0.005928395547006287,0.00013566248793697594,HGB_best
CH07,1,0.6094090399294487,0.022116389797800298,0.0005270496092084986,0.17336877880176377,0.005565785083794434,0.00013540798832143125,HGB_best
TRIMESTRE,1,0.6094090399294487,0.017053490425721407,0.00045432350453689075,0.17336877880176377,0.00516008782700767,0.00012019583277428222,HGB_best
AGLO_rk,1,0.6094090399294487,0.016168570921463305,0.000462815765022609,0.17336877880176377,0.004600606920567328,0.00010224990136910506,HGB_best
Reg_rk,1,0.6094090399294487,0.014039008120076553,0.0004093147226776091,0.17336877880176377,0.003956707482760877,0.00011256921363298051,HGB_best
Personas_65+,1,0.6094090399294487,0.011376572167967836,0.000344634909536062,0.17336877880176377,0.003323689754920121,8.607928066652023e-05,HGB_best
AGLOMERADO,1,0.6094090399294487,0.01125297385676956,0.0003855441456178179,0.17336877880176377,0.00304148858729897,0.00010966761990599327,HGB_best
Max_Nivel_Educativo,1,0.6094090399294487,0.010815051243047729,0.00035105663321562054,0.17336877880176377,0.0028395513872099486,0.00010846071165548509,HGB_best
H16,1,0.6094090399294487,0.01054435563213257,0.0004617047588619934,0.17336877880176377,0.0024870956890763797,0.00012266242991521644,HGB_best
Personas_4-8,1,0.6094090399294487,0.007683452186666706,0.00027450724743444203,0.17336877880176377,0.0021700047591244926,5.466005374023949e-05,HGB_best
Personas_13-17,1,0.6094090399294487,0.006563869493318438,0.0002811766845608533,0.17336877880176377,0.0018511518101020428,7.477885418681089e-05,HGB_best
Personas_9-12,1,0.6094090399294487,0.006537585970408788,0.0002828243974960127,0.17336877880176377,0.0019414062279604146,7.154675559904371e-05,HGB_best
PROP,1,0.6094090399294487,0.0053307458161041465,0.0002989078124468242,0.17336877880176377,0.0012632362646672751,6.389104445887721e-05,HGB_best
Personas_0-3,1,0.6094090399294487,0.005057938846469527,0.00019467311876956045,0.17336877880176377,0.0014008913685377036,6.512834677805652e-05,HGB_best
Personas_18-24,1,0.6094090399294487,0.004644619844863166,0.00019015483393971703,0.17336877880176377,0.0012004683372547962,6.176396227235258e-05,HGB_best
H15,1,0.6094090399294487,0.0035074051331766666,0.00018660152372542335,0.17336877880176377,0.0009223834787783612,5.088310847345687e-05,HGB_best
Region,1,0.6094090399294487,0.002904544997793956,0.00016707297423519373,0.17336877880176377,0.0007542712022170568,3.851555516266729e-05,HGB_best
V01,1,0.6094090399294487,0.0024698123921408095,0.00016762767043554795,0.17336877880176377,0.0006436413290250206,3.78947800860144e-05,HGB_best
P05,1,0.6094090399294487,0.002298483643558813,0.00010870227627684559,0.17336877880176377,0.0005244113447928892,3.159749514468132e-05,HGB_best
ESTRUCTURA_LABORAL,3,0.5118818377250128,0.5465331380566811,0.0032323828103277526,0.1977744889569705,0.09880170975667141,0.0005765499276383841,Ridge_best
CALIDAD_LABORAL,1,0.5118818377250128,0.12855568505566028,0.0014800147769866226,0.1977744889569705,0.0263018357546988,0.0002835935810754195,Ridge_best
P03,1,0.5118818377250128,0.08861648900630387,0.0009038226728520746,0.1977744889569705,0.019452441539820634,0.0002541328060828059,Ridge_best
EDUCACION,2,0.5118818377250128,0.08068526826592604,0.0010229148950832733,0.1977744889569705,0.0178341926504491,0.0002856419100531993,Ridge_best
P02,1,0.5118818377250128,0.030051891195262505,0.0005562082129240387,0.1977744889569705,0.00696241442898847,0.0001707615604270527,Ridge_best
AGLO_rk,1,0.5118818377250128,0.022657356517602548,0.0006380069912044844,0.1977744889569705,0.005639665750181154,0.0001643519990269957,Ridge_best
Region,1,0.5118818377250128,0.02217050520760144,0.0005517206971529287,0.1977744889569705,0.005425645885465928,0.0001405397411599891,Ridge_best
AGLOMERADO,1,0.5118818377250128,0.020116574237751452,0.0005289242823826929,0.1977744889569705,0.005105817804788335,0.00015188607156488935,Ridge_best
CH07,1,0.5118818377250128,0.013053370044747629,0.0004178487188280537,0.1977744889569705,0.002723932548065481,0.00010819789998069507,Ridge_best
ANO4,1,0.5118818377250128,0.010971257797350531,0.00041104547754160697,0.1977744889569705,0.0025341377470234415,0.00010825096242787602,Ridge_best
Personas_25-64,1,0.5118818377250128,0.008975389241748863,0.00028206385040678984,0.1977744889569705,0.0017149083811618475,7.688735108881946e-05,Ridge_best
VIVIENDA_HOGAR,8,0.5118818377250128,0.0076757265619897186,0.00032854697435860745,0.1977744889569705,0.0013994863745241013,8.52888999072269e-05,Ridge_best
IX_TOT,1,0.5118818377250128,0.005200585312875398,0.00020377348753235203,0.1977744889569705,0.0008715800659692732,6.548888705564494e-05,Ridge_best
Personas_4-8,1,0.5118818377250128,0.004589379875168883,0.00026590800765555086,0.1977744889569705,0.0011498765026491016,6.886844022636489e-05,Ridge_best
Personas_9-12,1,0.5118818377250128,0.004486687270273944,0.0002783832234679184,0.1977744889569705,0.001174231291322317,6.309277256794489e-05,Ridge_best
PROP,1,0.5118818377250128,0.0037504223686466182,0.0002501557479145165,0.1977744889569705,0.0007637447837217352,6.539118228860272e-05,Ridge_best
Personas_65+,1,0.5118818377250128,0.0024788322462664307,0.00016125794681636077,0.1977744889569705,0.0009215218552353743,4.5475064318344685e-05,Ridge_best
TRIMESTRE,1,0.5118818377250128,0.0021371441397800522,0.0001890693543607569,0.1977744889569705,0.0005194619248545325,4.099363625648838e-05,Ridge_best
Max_Nivel_Educativo,1,0.5118818377250128,0.0019018547911340278,0.00013078195530254763,0.1977744889569705,0.0003920141735307516,4.2750069556153435e-05,Ridge_best
Personas_18-24,1,0.5118818377250128,0.0017124662421080497,0.00013626633045066454,0.1977744889569705,0.00031927164502838226,3.607811688245073e-05,Ridge_best
Personas_0-3,1,0.5118818377250128,0.0015647533968196625,0.0001806670458414988,0.1977744889569705,0.000431332525487374,4.055887508460204e-05,Ridge_best
H16,1,0.5118818377250128,0.0006211584541263545,7.861445398380949e-05,0.1977744889569705,0.00011305092854071256,1.585669746062222e-05,Ridge_best
P05,1,0.5118818377250128,0.0005725347978804529,7.60650302909348e-05,0.1977744889569705,0.00015721935031962804,1.4966746106160883e-05,Ridge_best
V01,1,0.5118818377250128,0.00048572250098978623,9.277307194888878e-05,0.1977744889569705,7.150934095258299e-05,2.3530001348248214e-05,Ridge_best
Personas_13-17,1,0.5118818377250128,0.0002726829284747841,6.302180461198322e-05,0.1977744889569705,0.0001127003150735976,1.9008643439328533e-05,Ridge_best
Reg_rk,1,0.5118818377250128,0.00021959863828358017,3.840875308424819e-05,0.1977744889569705,4.4859037001501735e-05,1.1191288895179841e-05,Ridge_best
H15,1,0.5118818377250128,0.00013520622885917488,3.792424134127026e-05,0.1977744889569705,6.850969889186375e-05,1.0107287957849573e-05,Ridge_best
ESTRUCTURA_LABORAL,3,0.48831087567360987,0.4881507820745007,0.0029680265242076212,0.20176810299809536,0.0916496126688028,0.0005479107140945152,Lasso_best
P03,1,0.48831087567360987,0.11737736430123859,0.0009803418189727874,0.20176810299809536,0.024566166963598278,0.0002713142491948648,Lasso_best
CALIDAD_LABORAL,1,0.48831087567360987,0.11037838536964513,0.001340239202131295,0.20176810299809536,0.022740560783101983,0.00025590793576815203,Lasso_best
EDUCACION,2,0.48831087567360987,0.05213066517808995,0.0007203345513770872,0.20176810299809536,0.01165975151641994,0.00020027785106785183,Lasso_best
P02,1,0.48831087567360987,0.025997138196365253,0.000505205147618235,0.20176810299809536,0.006075451898059774,0.0001451211353903455,Lasso_best
AGLO_rk,1,0.48831087567360987,0.014901634811811023,0.000517912976295524,0.20176810299809536,0.003635596193005212,0.00012004831575123408,Lasso_best
CH07,1,0.48831087567360987,0.010423950889972548,0.00039366339559947043,0.20176810299809536,0.0019484617457462994,9.70821882530758e-05,Lasso_best
Max_Nivel_Educativo,1,0.48831087567360987,0.008665535211730009,0.00026932516868432904,0.20176810299809536,0.0020064395259772835,6.616315663434382e-05,Lasso_best
IX_TOT,1,0.48831087567360987,0.007734939200629927,0.00022541324816084633,0.20176810299809536,0.001336244064773386,5.389121479967051e-05,Lasso_best
ANO4,1,0.48831087567360987,0.007336884265877834,0.0003207386206638305,0.20176810299809536,0.0016376096182358728,7.172707783397355e-05,Lasso_best
Personas_25-64,1,0.48831087567360987,0.006496919067917406,0.00022254737821976215,0.20176810299809536,0.0012246340549177679,5.5628900456370204e-05,Lasso_best
VIVIENDA_HOGAR,8,0.48831087567360987,0.0064273590230081905,0.00027747254899896723,0.20176810299809536,0.0011843933042480724,6.837802864035456e-05,Lasso_best
Personas_4-8,1,0.48831087567360987,0.0035225676880700292,0.00021364801232248012,0.20176810299809536,0.0009483999289612975,5.765741738040158e-05,Lasso_best
PROP,1,0.48831087567360987,0.0035196569151272152,0.00018825647857509625,0.20176810299809536,0.0008399473394610095,3.928586923941178e-05,Lasso_best
Personas_9-12,1,0.48831087567360987,0.003125076671619276,0.00020162652770619886,0.20176810299809536,0.0008591797537108259,4.6780152258827876e-05,Lasso_best
Personas_65+,1,0.48831087567360987,0.002897868012805667,0.00015616379364531905,0.20176810299809536,0.0011590400194306193,4.475362916022729e-05,Lasso_best
Region,1,0.48831087567360987,0.002408283117405504,0.0001404190868832383,0.20176810299809536,0.0005630448418931205,3.8365032613417103e-05,Lasso_best
Personas_18-24,1,0.48831087567360987,0.00223477116911334,0.00014976779410378176,0.20176810299809536,0.00043944402754384865,3.8650721020111317e-05,Lasso_best
TRIMESTRE,1,0.48831087567360987,0.0009664477007911287,7.340399250638754e-05,0.20176810299809536,0.00024182975391514873,1.769771720339179e-05,Lasso_best
H16,1,0.48831087567360987,0.0008494472981192769,8.131906557049169e-05,0.20176810299809536,0.00014842814127293916,1.7713162199630495e-05,Lasso_best
Personas_0-3,1,0.48831087567360987,0.0007255402883460345,9.379420461800226e-05,0.20176810299809536,0.00021104792415259274,2.4200280584515324e-05,Lasso_best
V01,1,0.48831087567360987,0.0006925163659104523,7.090441353045953e-05,0.20176810299809536,0.00015308628920317294,1.7655216519199975e-05,Lasso_best
Reg_rk,1,0.48831087567360987,0.0006034483156163765,5.299359259649483e-05,0.20176810299809536,0.00012899197741419362,1.6327933950143088e-05,Lasso_best
AGLOMERADO,1,0.48831087567360987,0.0002847412928990748,3.3576982646398216e-05,0.20176810299809536,6.588749745084037e-05,7.686043847806412e-06,Lasso_best
H15,1,0.48831087567360987,0.0,0.0,0.20176810299809536,0.0,0.0,Lasso_best
P05,1,0.48831087567360987,0.0,0.0,0.20176810299809536,0.0,0.0,Lasso_best
Personas_13-17,1,0.48831087567360987,0.0,0.0,0.20176810299809536,0.0,0.0,Lasso_best
ESTRUCTURA_LABORAL,3,0.5458102418720587,0.47287069073398824,0.0035201814003744335,0.1916956598742701,0.08731494019408936,0.0005200709207142481,MLP_best
P03,1,0.5458102418720587,0.16930214149805128,0.0015466009675828378,0.1916956598742701,0.03448113536056201,0.0002886945576674056,MLP_best
CALIDAD_LABORAL,1,0.5458102418720587,0.10939051965013122,0.0012273961291929582,0.1916956598742701,0.0228002602009556,0.00021278582199901825,MLP_best
EDUCACION,2,0.5458102418720587,0.07664976164972907,0.0011172821669863486,0.1916956598742701,0.01731681335086862,0.0002456385245784755,MLP_best
P02,1,0.5458102418720587,0.05157820738666983,0.0008260367715435454,0.1916956598742701,0.011632861432361733,0.00018901912003659719,MLP_best
AGLO_rk,1,0.5458102418720587,0.03239222467050336,0.0006491158438968602,0.1916956598742701,0.007884021353702527,0.00012522983648506665,MLP_best
IX_TOT,1,0.5458102418720587,0.02705092034895553,0.0007326830518691493,0.1916956598742701,0.005577222085861144,0.00017212794672727692,MLP_best
VIVIENDA_HOGAR,8,0.5458102418720587,0.027024055189212557,0.0007253838924319585,0.1916956598742701,0.006100285774970658,0.00015197193583035203,MLP_best
AGLOMERADO,1,0.5458102418720587,0.024922265427415623,0.0006440863905398291,0.1916956598742701,0.006232400320281049,0.00014783910546882517,MLP_best
CH07,1,0.5458102418720587,0.024152800721571086,0.0004887952588362388,0.1916956598742701,0.005331525446890928,0.00011249376095810596,MLP_best
Region,1,0.5458102418720587,0.020861230716866526,0.000492714962484892,0.1916956598742701,0.005078356365556222,0.00013728980373077464,MLP_best
Personas_25-64,1,0.5458102418720587,0.020842752200185263,0.000631083195160219,0.1916956598742701,0.003967165715741148,0.0001277932621965811,MLP_best
Personas_65+,1,0.5458102418720587,0.013794810460163617,0.0005368693477494589,0.1916956598742701,0.0037023282751933654,9.719908313769921e-05,MLP_best
Max_Nivel_Educativo,1,0.5458102418720587,0.011539460825493756,0.0003091991452289618,0.1916956598742701,0.0027013110978698204,6.789203800106256e-05,MLP_best
H16,1,0.5458102418720587,0.009224261289663416,0.00042959470747340705,0.1916956598742701,0.0019080421174347403,0.00010277917967592349,MLP_best
PROP,1,0.5458102418720587,0.007195963174862745,0.00040846119344155454,0.1916956598742701,0.0016625261632957828,8.487947068039823e-05,MLP_best
Personas_0-3,1,0.5458102418720587,0.006677290945216804,0.0003671383716114302,0.1916956598742701,0.001550445615573462,8.748000114442088e-05,MLP_best
Personas_4-8,1,0.5458102418720587,0.005991653353026301,0.0002917119074297247,0.1916956598742701,0.0015324221609522791,5.5881452642943813e-05,MLP_best
Personas_9-12,1,0.5458102418720587,0.004536446710130563,0.00034626017384195855,0.1916956598742701,0.0011820178842409342,7.223984990073459e-05,MLP_best
Personas_13-17,1,0.5458102418720587,0.004342582020830669,0.0002724287907442979,0.1916956598742701,0.0011229171344056877,5.708139263012565e-05,MLP_best
Personas_18-24,1,0.5458102418720587,0.0037190910232205296,0.00024217313566930125,0.1916956598742701,0.0007884928388917763,6.503816110752982e-05,MLP_best
H15,1,0.5458102418720587,0.003145382280788704,0.0002155604450046175,0.1916956598742701,0.0007828651844051895,5.6065326719202365e-05,MLP_best
Reg_rk,1,0.5458102418720587,0.0026114834556332494,0.0003270249072053082,0.1916956598742701,0.0005026915480909713,7.525975744029044e-05,MLP_best
V01,1,0.5458102418720587,0.0019334975522044293,0.0001558146056535148,0.1916956598742701,0.0004858885677167043,3.526206479085855e-05,MLP_best
P05,1,0.5458102418720587,0.0013390997147363656,0.00015087266610797247,0.1916956598742701,0.0002733514854630757,3.9174754223559775e-05,MLP_best
ANO4,1,0.5458102418720587,0.0,0.0,0.1916956598742701,0.0,0.0,MLP_best
TRIMESTRE,1,0.5458102418720587,0.0,0.0,0.1916956598742701,0.0,0.0,MLP_best
